suite,Algorithm,n_pairs,raw_path_length,raw_curvature,raw_planning_time,norm_path_length,norm_curvature,norm_planning_time,composite
sr_long,CNN-DDQN,6,21.365650000000002,0.13626716666666666,0.30142833333333335,0.761550664287132,0.37319401001386354,0.0,0.5474817057196945
sr_long,RRT*,6,21.321566666666666,0.14688833333333332,1.4658683333333336,0.4694955256824473,0.7304593628149686,0.603744372816336,0.5714000099637198
sr_long,LO-HA*,6,21.260416666666668,0.13452750000000002,2.9581649999999997,0.11926552151907005,0.3688018370004798,0.8112512732149795,0.2793315990901966
sr_short,CNN-DDQN,33,8.506781818181818,0.20407248484848484,0.13784666666666667,0.8531143331564993,0.5905865722478899,0.27349983609530026,0.7012034687357185
sr_short,RRT*,33,8.392290909090908,0.2040107272727273,0.4695451515151516,0.3356185806953623,0.6146193464490688,0.3060523439377954,0.4253336985290903
sr_short,LO-HA*,33,8.353009090909092,0.16239972727272728,0.9629178787878789,0.1662388756642525,0.18783694976093687,0.7532183200158085,0.23865817195776465
