run_idx,path_length_raw_CNN-DDQN,path_length_norm_CNN-DDQN,path_length_raw_RRT*,path_length_norm_RRT*,path_length_raw_LO-HA*,path_length_norm_LO-HA*,curvature_raw_CNN-DDQN,curvature_norm_CNN-DDQN,curvature_raw_RRT*,curvature_norm_RRT*,curvature_raw_LO-HA*,curvature_norm_LO-HA*,planning_time_raw_CNN-DDQN,planning_time_norm_CNN-DDQN,planning_time_raw_RRT*,planning_time_norm_RRT*,planning_time_raw_LO-HA*,planning_time_norm_LO-HA*,composite_CNN-DDQN,composite_RRT*,composite_LO-HA*
6,21.6157,1.0,21.3896,0.0,21.39,0.00176912870410911,0.144455,1.0,0.096366,0.13134031791907513,0.089095,0.0,0.29017,0.0,1.91543,1.0,1.61881,0.8174938163739957,0.888888888888889,0.15489121708413614,0.09181549554383792
7,21.8171,1.0,21.8005,0.6490486257928028,21.7698,0.0,0.103633,0.0,0.152263,1.0,0.113982,0.2128110220028788,0.30621,0.0,1.05373,0.16503403252904855,4.8357,1.0,0.5555555555555556,0.7122530179436736,0.18204811844540406
9,20.4734,1.0,20.274,0.0,20.4009,0.6364092276830425,0.099211,0.0,0.122183,0.9457389872375463,0.123501,1.0,0.28509,0.0,1.80809,0.379287845356152,4.30051,1.0,0.5555555555555556,0.3573894230076435,0.7980051264905791
12,18.1542,0.0,18.4358,1.0,18.176,0.07741477272726867,0.262525,0.0,0.288317,0.7123090944240379,0.298734,1.0,0.27308,0.0,0.83975,0.135106073538598,4.46734,1.0,0.0,0.8080037063123013,0.48745265151514927
19,20.8991,1.0,20.7227,0.16792452830188107,20.6871,0.0,0.085031,1.0,0.077318,0.5933677773091524,0.066063,0.0,0.28018,0.0,1.07596,1.0,0.31998,0.05001382291588127,0.888888888888889,0.40219177482631807,0.005557091435097919
28,25.2344,0.5693039857227921,25.3068,1.0,25.1387,0.0,0.122748,0.23916406008318117,0.144883,1.0,0.11579,0.0,0.37384,0.0,2.10225,0.9430382854742174,2.20665,1.0,0.3960013454292782,0.9936709206082465,0.11111111111111112
