Algorithm,n_pairs,raw_path_length,raw_curvature,raw_planning_time,norm_path_length,norm_curvature,norm_planning_time,composite
CNN-DDQN,6,21.365650000000002,0.13626716666666666,0.30142833333333335,0.761550664287132,0.37319401001386354,0.0,0.5474817057196945
RRT*,6,21.321566666666666,0.14688833333333332,1.4658683333333336,0.4694955256824473,0.7304593628149686,0.603744372816336,0.5714000099637198
LO-HA*,6,21.260416666666668,0.13452750000000002,2.9581649999999997,0.11926552151907005,0.3688018370004798,0.8112512732149795,0.2793315990901966
